ID,Group,Tests,TestExecutions,TestExecutionsCoverage,DebuggerUses,Levels,FailedGoldenTests,PassedGoldenTests,Grade,FailedOwnTests,RatioTestFailed,LineCoverage,BranchCoverage,MutationScore,Testing,Main,TestSmells,RatioTestSmells,Notifications,Safety FirstLevel,Check your branchesLevel,Check your classesLevel,Line-by-lineLevel,Check your methodsLevel,Bug FinderLevel,Class Reviewer - BranchesLevel,Class Reviewer - LinesLevel,Class Reviewer - MethodsLevel,Double checkLevel,Shine in new splendourLevel,The Method ExtractorLevel,The Method InlinerLevel,The EponymLevel,Test FixerLevel,Gotta Catch ’Em AllLevel,The DebuggerLevel,Test ExecutorLevel,The TesterLevel,The Tester - AdvancedLevel,Take some breaksLevel,Make Your ChoiceLevel,On the WatchLevel,Break the LineLevel,Break the MethodLevel,Assert and TestedLevel,Safety FirstProgress,Check your branchesProgress,Check your classesProgress,Line-by-lineProgress,Check your methodsProgress,Bug FinderProgress,Class Reviewer - BranchesProgress,Class Reviewer - LinesProgress,Class Reviewer - MethodsProgress,Double checkProgress,Shine in new splendourProgress,The Method ExtractorProgress,The Method InlinerProgress,The EponymProgress,Test FixerProgress,Gotta Catch ’Em AllProgress,The DebuggerProgress,Test ExecutorProgress,The TesterProgress,The Tester - AdvancedProgress,Take some breaksProgress,Make Your ChoiceProgress,On the WatchProgress,Break the LineProgress,Break the MethodProgress,Assert and TestedProgress
1,Control,11,33,0,0,6,4,56,27,0,0,0.913793103448276,0.35,39.13,1,0,0,0,58,1,0,0,0,0,0,0,0,0,2,0,0,0,0,0,0,0,1,1,0,0,0,0,0,0,1,12,0,0,0,0,1,0,0,0,11,0,0,0,0,0,0,0,34,34,0,2,0,0,2,0,8
2,Control,20,39,0,2,7,1,59,27,0,0,0.939393939393939,0.5,62.5,1,0,0,0,71,1,0,0,0,0,0,0,0,0,2,0,0,0,0,0,0,0,1,1,0,0,0,0,1,0,1,21,0,0,0,0,2,0,0,0,21,0,0,0,0,0,0,2,52,41,0,4,0,0,4,0,36
3,Control,0,0,0,0,0,32,28,21,0,0,0,0,0,0,1,0,0,1,0,0,0,0,0,0,0,0,0,0,0,0,0,0,0,0,0,0,0,0,0,0,0,0,0,0,0,0,0,0,0,0,0,0,0,0,0,0,0,0,0,0,0,0,0,0,1,0,0,1,0,0
4,Control,1,1,0,0,0,32,28,27,0,0,0,0,0,1,1,0,0,3,0,0,0,0,0,0,0,0,0,0,0,0,0,0,0,0,0,0,0,0,0,0,0,0,0,0,1,0,0,0,0,0,0,0,0,1,0,0,0,0,0,0,0,1,1,0,0,0,0,0,0,0
5,Control,57,59,0,0,9,1,53,30,7,0.12280701754386,0.983606557377049,0.842105263157895,71.84,1,0,0,0,97,1,0,0,0,0,1,0,0,0,2,0,0,0,0,0,0,0,2,1,0,0,0,0,0,0,2,58,0,0,0,0,8,0,0,0,58,0,0,0,0,0,0,0,185,60,0,1,0,0,1,0,128
6,Control,0,0,0,0,0,28,26,27,1,0,0.975609756097561,0.538461538461538,45.12,0,1,2,0,19,1,0,0,0,0,0,0,0,0,2,0,0,0,0,0,0,0,1,1,0,0,0,0,0,0,0,11,0,0,0,0,0,0,0,0,11,0,0,0,0,0,0,0,3,4,0,0,0,0,0,0,0
7,Control,63,40,0,0,8,2,58,27,0,0,0.857142857142857,0.72093023255814,9.59,1,1,0,0,71,1,1,0,0,1,1,0,0,0,2,0,0,0,0,0,0,0,2,1,0,0,0,0,0,0,1,64,18,0,79,12,9,0,0,0,65,0,0,0,0,0,1,0,580,47,0,1,0,0,1,0,65
8,Control,14,56,3,2,11,21,39,12,2,0.142857142857143,0.914285714285714,0.823529411764706,29.35,1,1,0,0,87,1,1,0,0,1,0,0,0,0,2,0,0,0,0,0,1,0,2,1,0,0,0,0,1,0,1,14,35,0,85,24,0,0,0,0,14,0,0,0,0,0,4,2,151,62,0,3,0,0,3,0,29
9,Control,1,3,0,0,2,30,30,24,2,1,0.933333333333333,0.533333333333333,36.25,1,1,0,0,58,1,0,0,0,0,0,0,0,0,2,0,0,0,0,0,0,0,1,1,0,0,0,0,0,0,1,11,0,0,0,0,0,0,0,0,13,0,0,0,0,0,0,0,36,36,0,1,0,0,1,0,8
10,Control,1,4,0,0,2,32,28,24,0,0,0.879310344827586,0.7,47.2,1,1,0,0,24,1,0,0,0,0,0,0,0,0,2,0,0,0,0,0,0,0,1,1,0,0,0,0,0,0,0,13,0,0,0,0,0,0,0,0,19,0,0,0,0,0,0,0,6,7,0,0,0,0,0,0,1
11,Control,32,1,0,0,3,1,59,27,0,0,0.956521739130435,0.727272727272727,62.12,1,1,0,0,16,1,0,0,0,0,0,0,0,0,2,0,0,0,0,0,0,0,0,0,0,0,0,0,0,0,0,25,0,0,0,0,0,0,0,0,34,0,0,0,0,0,0,0,2,1,0,0,0,0,0,0,1
12,Control,0,0,0,0,0,5,51,24,2,0,0.72,0.633333333333333,13.93,0,1,0,0,79,0,0,0,0,0,0,0,0,0,1,0,0,0,0,0,0,1,2,1,0,0,0,0,1,0,1,9,0,0,0,0,0,0,0,0,8,0,0,0,0,0,0,3,111,57,0,8,0,0,8,0,21
13,Control,0,0,0,0,0,22,38,27,2,0,0.870967741935484,0.733333333333333,30.43,0,1,10,0,53,1,0,0,0,0,0,0,0,0,2,0,0,0,0,0,0,0,1,1,0,0,0,0,0,0,1,10,0,0,0,0,0,0,0,0,11,0,0,0,0,0,0,0,33,33,0,0,0,0,0,0,9
14,Control,0,0,0,0,0,31,29,24,0,0,0,0,0,0,1,0,0,1,0,0,0,0,0,0,0,0,0,0,0,0,0,0,0,0,0,0,0,0,0,0,0,0,0,0,0,0,0,0,0,0,0,0,0,0,0,0,0,0,0,0,0,0,0,0,1,0,0,1,0,0
15,Control,0,0,0,0,0,30,26,30,0,0,0.909090909090909,0.727272727272727,20,0,1,3,0,2,0,0,0,0,0,0,0,0,0,0,0,0,0,0,0,0,0,1,1,0,0,0,0,0,0,0,2,0,0,0,0,0,0,0,0,2,0,0,0,0,0,0,0,20,20,0,0,0,0,0,0,0
16,Control,37,47,1,16,12,3,57,27,0,0,0.921052631578947,0.4,56.76,1,0,0,0,89,1,0,0,0,0,1,0,0,0,2,0,0,0,0,0,0,2,1,1,0,1,0,0,2,0,1,37,0,0,0,0,3,0,0,0,37,0,0,0,0,0,1,16,49,47,0,12,0,0,12,0,22
17,Control,19,22,2,0,6,16,44,21,4,0.210526315789474,0.896551724137931,0.444444444444444,41.24,1,1,0,0,45,1,0,0,0,0,0,0,0,0,2,0,0,0,0,0,0,0,1,1,0,0,0,0,0,0,1,20,0,0,0,0,0,0,0,0,20,0,0,0,0,0,2,0,37,22,0,2,0,0,2,0,23
18,Control,0,0,0,0,0,30,30,27,2,0,0.883720930232558,0.631578947368421,51.11,0,1,0,0,33,1,0,0,0,0,0,0,0,0,2,0,0,0,0,0,0,0,1,1,0,0,0,0,0,0,1,22,0,0,0,0,0,0,0,0,22,0,0,0,0,0,0,0,31,16,0,0,0,0,0,0,19
19,Control,1,0,0,0,0,28,32,27,0,0,0.853658536585366,0.625,37.5,1,1,0,0,42,1,0,0,0,0,0,0,0,0,2,0,0,0,0,0,0,0,1,1,0,0,0,0,0,0,1,13,0,0,0,0,0,0,0,0,13,0,0,0,0,0,0,0,23,23,0,0,0,0,0,0,12
20,Control,37,68,0,0,8,4,56,27,0,0,0.932038834951456,0.870588235294118,66.39,1,1,0,0,103,1,0,0,0,0,1,0,0,0,2,0,0,0,0,0,0,0,1,1,0,0,0,0,1,0,1,37,0,0,0,0,4,0,0,0,37,0,0,0,0,0,0,0,70,68,0,6,0,0,6,0,43
21,Control,2,0,0,0,0,32,28,24,2,1,0.979591836734694,0.848484848484849,65.49,1,1,0,0,79,1,0,0,0,0,0,0,0,0,2,0,0,0,0,0,0,1,1,1,0,0,0,0,1,0,1,33,0,0,0,0,0,0,0,0,33,0,0,0,0,0,0,3,72,49,0,4,0,0,4,0,39
22,Control,24,6,0,0,6,18,42,21,1,0.0416666666666667,0.971830985915493,0.944444444444444,72.6,1,1,0,0,25,1,0,0,0,0,0,0,0,0,2,0,0,0,0,0,0,0,1,1,0,0,0,0,0,0,1,24,0,0,0,0,0,0,0,0,34,0,0,0,0,0,0,0,12,6,0,1,0,0,1,0,9
23,Control,0,0,0,0,0,29,28,24,1,0,0.625,0.181818181818182,6.49,0,1,0,0,3,0,0,0,0,0,0,0,0,0,1,0,0,0,0,0,0,0,0,0,0,0,0,0,0,0,0,3,0,0,0,0,0,0,0,0,6,0,0,0,0,0,0,0,0,0,0,0,0,0,0,0,0
24,Control,7,20,0,0,4,19,41,27,1,0.142857142857143,0.692307692307692,0.318181818181818,17.37,1,1,0,0,37,0,0,0,0,0,0,0,0,0,1,0,0,0,0,0,0,0,1,1,0,0,0,0,0,0,1,7,0,0,0,0,0,0,0,0,7,0,0,0,0,0,0,0,20,20,0,2,0,0,2,0,6
25,Control,2,11,0,0,4,28,32,24,0,0,0.727272727272727,0.181818181818182,9.9,1,1,0,0,22,0,0,0,0,0,0,0,0,0,1,0,0,0,0,0,0,0,1,1,0,0,0,0,0,0,1,2,0,0,0,0,0,0,0,0,3,0,0,0,0,0,0,0,19,12,0,0,0,0,0,0,13
26,Control,7,6,0,0,4,9,45,27,0,0,0.884615384615385,0.5,41.57,1,1,0,0,30,1,0,0,0,0,0,0,0,0,2,0,0,0,0,0,0,0,1,1,0,0,0,0,0,0,1,18,0,0,0,0,0,0,0,0,19,0,0,0,0,0,0,0,19,12,0,0,0,0,0,0,13
27,Control,18,27,0,0,4,7,53,21,2,0.111111111111111,0.886792452830189,0.76,58.14,1,1,0,0,44,0,0,0,0,0,0,0,0,0,1,0,0,0,0,0,0,0,1,1,0,0,0,0,0,0,1,8,0,0,0,0,0,0,0,0,8,0,0,0,0,0,0,0,36,28,0,0,0,0,0,0,19
28,Control,12,71,0,0,6,15,45,24,1,0.0833333333333333,0.686046511627907,0.235294117647059,8.29,1,0,2,0.166666666666667,98,1,0,0,0,0,0,0,0,0,2,0,0,0,0,0,0,0,1,1,0,0,0,0,0,0,1,13,0,0,0,0,2,0,0,0,22,0,0,0,0,0,0,0,72,72,0,1,0,0,1,0,28
29,Control,0,0,0,0,0,28,32,27,0,0,0,0,0,0,1,0,0,2,0,0,0,0,0,0,0,0,0,0,0,0,0,0,0,0,0,0,0,0,0,0,0,0,0,0,0,0,0,0,0,0,0,0,0,0,0,0,0,0,0,0,0,0,0,0,2,0,0,2,0,0
30,Control,1,1,0,0,0,28,26,27,0,0,0,0,0,1,0,0,0,7,0,0,0,0,0,0,0,0,0,0,0,0,0,0,0,0,0,0,0,0,0,0,0,0,0,0,2,0,0,0,0,0,0,0,0,2,0,0,0,0,0,0,0,2,2,0,0,0,0,0,0,0
31,Control,8,30,1,1,6,27,33,24,1,0.125,0.8,0.64,14.89,1,1,0,0,54,1,0,0,0,0,0,0,0,0,2,0,0,0,0,0,0,0,1,1,0,0,0,0,0,0,1,12,0,0,0,0,0,0,0,0,12,0,0,0,0,0,1,1,31,31,0,1,0,0,1,0,5
32,Control,11,47,0,0,7,4,56,30,0,0,0.602941176470588,0.27027027027027,25,1,1,0,0,54,1,0,0,0,0,0,0,0,0,2,0,0,0,0,0,0,0,2,1,0,0,0,0,0,0,1,12,0,0,0,0,1,0,0,0,12,0,0,0,0,0,0,0,170,47,0,2,0,0,2,0,16
33,Control,1,2,0,0,0,28,32,27,0,0,0.8,0.405405405405405,42.75,1,1,0,0,60,1,0,0,0,0,0,0,0,0,2,0,0,0,0,0,0,0,1,1,0,0,0,0,1,0,1,11,0,0,0,0,2,0,0,0,11,0,0,0,0,0,0,0,33,33,0,3,0,0,3,0,16
34,Control,1,1,0,0,0,60,0,33,0,0,0.865979381443299,0.728260869565217,6.76,1,1,0,0,89,1,0,0,0,0,1,0,0,0,2,0,0,0,0,0,0,0,1,1,0,0,0,0,0,0,1,13,0,0,0,0,5,0,0,0,23,0,0,0,0,0,0,1,78,57,0,2,0,0,2,0,47
35,Control,6,14,0,0,4,29,31,21,0,0,0.642857142857143,0.517241379310345,36.04,1,1,0,0,32,1,0,0,0,0,0,0,0,0,2,0,0,0,0,0,0,0,1,1,0,0,0,0,0,0,1,11,0,0,0,0,1,0,0,0,11,0,0,0,0,0,0,0,27,14,0,0,0,0,0,0,6
36,Control,0,0,0,0,0,28,26,27,0,0,1,0,2.8,0,1,0,0,0,0,0,0,0,0,0,0,0,0,0,0,0,0,0,0,0,0,0,0,0,0,0,0,0,0,0,1,0,0,0,0,0,0,0,0,1,0,0,0,0,0,0,0,0,0,0,0,0,0,0,0,0
37,Control,10,17,0,0,6,23,37,27,2,0.2,0.928571428571429,0.727272727272727,33.33,1,1,0,0,39,1,0,0,0,0,0,0,0,0,2,0,0,0,0,0,0,0,1,1,0,0,0,0,0,0,1,10,0,0,0,0,1,0,0,0,10,0,0,0,0,0,0,0,23,17,0,2,0,0,2,0,13
38,Control,1,3,0,0,2,32,28,21,1,1,0.890909090909091,0.48,26.36,1,1,0,0,85,0,0,0,0,0,1,0,0,0,1,0,0,0,0,0,0,0,1,1,0,0,0,0,1,0,1,9,0,0,0,0,3,0,0,0,9,0,0,0,0,0,0,0,57,57,0,3,0,0,3,0,15
39,Control,24,49,0,0,6,2,58,27,0,0,0.946428571428571,0.4,56.41,1,0,0,0,76,1,0,0,0,0,0,0,0,0,2,0,0,0,0,0,0,0,1,1,0,0,0,0,0,0,1,27,0,0,0,0,1,0,0,0,27,0,0,0,0,0,0,0,84,50,0,1,0,0,1,0,47
40,Control,10,30,0,0,6,11,49,27,0,0,0.869565217391304,0.388888888888889,43.48,1,1,0,0,52,1,0,0,0,0,0,0,0,0,2,0,0,0,0,0,0,0,1,1,0,0,0,0,0,0,1,12,0,0,0,0,1,0,0,0,12,0,0,0,0,0,0,0,29,30,0,1,0,0,1,0,11
41,Control,1,9,0,0,2,32,28,27,0,0,0,0,0,1,1,0,0,17,0,0,0,0,0,0,0,0,0,0,0,0,0,0,0,0,0,1,1,0,0,0,0,0,0,0,1,0,0,0,0,0,0,0,0,1,0,0,0,0,0,0,0,9,9,0,1,0,0,1,0,0
42,Control,29,60,0,16,12,1,59,30,0,0,0.984615384615385,0.769230769230769,45.88,1,0,0,0,104,1,0,0,0,0,1,0,0,0,2,0,0,0,0,0,0,2,1,1,0,1,0,0,2,0,1,32,0,0,0,0,5,0,0,0,32,0,0,0,0,0,0,16,77,60,0,13,0,0,13,0,45
43,Control,10,27,0,1,7,3,57,30,0,0,0.91044776119403,0.3125,42.7,1,0,0,0,54,1,0,0,0,0,0,0,0,0,2,0,0,0,0,0,0,0,1,1,0,0,0,0,1,0,1,11,0,0,0,0,1,0,0,0,11,0,0,0,0,0,0,1,28,28,0,3,0,0,3,0,12
44,Control,11,80,0,0,7,6,54,30,0,0,0.949152542372881,0.590909090909091,66.04,1,0,0,0,113,1,0,0,0,0,0,0,0,0,2,0,0,0,0,0,0,0,1,1,0,0,0,0,1,0,1,11,0,0,0,0,2,0,0,0,24,0,0,0,0,0,0,0,78,81,0,6,0,0,6,0,28
45,Control,10,36,0,1,7,24,36,24,1,0.1,0.903225806451613,0.181818181818182,17.01,1,0,0,0,63,1,0,0,0,0,1,0,0,0,2,0,0,0,0,0,0,0,1,1,0,0,0,0,0,0,1,14,0,0,0,0,3,0,0,0,14,0,0,0,0,0,0,1,58,36,0,1,0,0,1,0,35
46,Control,25,28,0,13,8,6,54,27,0,0,0.980392156862745,0.807692307692308,69.07,1,0,0,0,59,1,0,0,0,0,0,0,0,0,2,0,0,0,0,0,0,2,1,1,0,0,0,0,1,0,0,26,0,0,0,0,0,0,0,0,26,0,0,0,0,0,0,13,28,28,0,4,0,0,4,0,2
47,Control,20,33,0,0,7,4,56,27,0,0,0.782258064516129,0.474576271186441,48.42,1,0,0,0,61,1,0,0,0,0,0,0,0,0,2,0,0,0,0,0,0,0,1,1,0,0,0,0,1,0,1,20,0,0,0,0,1,0,0,0,20,0,0,0,0,0,0,0,50,33,0,4,0,0,4,0,39
48,Control,1,21,0,9,4,28,26,21,1,1,0.842105263157895,0.6,28.87,1,1,0,0,105,0,0,0,0,0,0,0,0,0,1,0,0,0,0,0,0,2,1,1,0,0,0,0,1,0,1,9,0,0,0,0,0,0,0,0,9,0,0,0,0,0,0,15,69,69,0,9,0,0,9,0,8
49,Control,11,22,0,0,7,12,48,24,0,0,0.887096774193548,0.318181818181818,41.18,1,0,0,0,31,1,0,0,0,0,0,0,0,0,2,0,0,0,0,0,0,0,1,1,0,0,0,0,1,0,1,11,0,0,0,0,2,0,0,0,11,0,0,0,0,0,0,0,23,23,0,7,0,0,7,0,14
50,Control,0,0,0,0,0,10,32,30,0,0,0,0,0,0,1,0,0,2,0,0,0,0,0,0,0,0,0,0,0,0,0,0,0,0,0,0,0,0,0,0,0,0,0,0,0,0,0,0,0,0,0,0,0,0,0,0,0,0,0,0,0,0,0,0,2,0,0,2,0,0
51,Control,0,0,0,0,0,26,28,24,0,0,0,0,0,0,1,0,0,2,0,0,0,0,0,0,0,0,0,0,0,0,0,0,0,0,0,0,0,0,0,0,0,0,0,0,0,0,0,0,0,0,0,0,0,0,0,0,0,0,0,0,0,0,0,0,2,0,0,2,0,0
52,Control,28,42,0,0,9,22,38,27,2,0.0714285714285714,0.94,0.8,0,1,1,0,0,77,1,0,0,0,0,1,0,0,0,2,0,0,0,0,0,0,0,2,1,0,0,0,0,1,0,1,28,0,0,0,0,4,0,0,0,28,0,0,0,0,0,0,0,143,42,0,8,0,0,8,0,74
53,Control,33,53,0,2,7,8,52,27,4,0.121212121212121,0.957746478873239,0.941176470588235,61.71,1,0,0,0,90,1,0,0,0,0,0,0,0,0,2,0,0,0,0,0,0,0,1,1,0,0,0,0,1,0,1,35,0,0,0,0,1,0,0,0,35,0,0,0,0,0,0,2,81,53,0,6,0,0,6,0,51
54,Control,5,18,0,0,3,27,33,27,4,0.8,0.777777777777778,0.294117647058824,1.64,1,1,0,0,5,0,0,0,0,0,0,0,0,0,1,0,0,0,0,0,0,0,1,1,0,0,0,0,0,0,0,5,0,0,0,0,0,0,0,0,5,0,0,0,0,0,0,0,18,18,0,0,0,0,0,0,0
55,Control,19,45,0,0,6,2,58,27,0,0,0.90625,0.5,11.11,1,1,0,0,73,1,0,0,0,0,0,0,0,0,2,0,0,0,0,0,0,0,1,1,0,0,0,0,0,0,1,63,0,0,0,0,2,0,0,0,65,0,0,0,0,0,0,0,94,49,0,2,0,0,2,0,45
56,Control,40,58,0,12,10,7,53,24,3,0.075,0.966101694915254,0.846153846153846,62.3,1,0,0,0,100,1,0,0,0,0,0,0,0,0,2,0,0,0,0,0,0,2,2,1,0,0,0,0,1,0,1,40,0,0,0,0,2,0,0,0,40,0,0,0,0,0,0,12,145,58,0,4,0,0,4,0,84
57,Control,3,42,0,0,4,28,32,24,0,0,0.982456140350877,0.777777777777778,49.26,1,1,8,2.66666666666667,117,1,0,0,0,0,0,0,0,0,2,0,0,0,0,0,0,0,2,1,0,0,0,0,1,0,1,17,0,0,0,0,2,0,0,0,17,0,0,0,0,0,0,0,110,83,0,4,0,0,4,0,55
58,Control,0,0,0,0,1,20,40,27,0,0,0,0,0,0,1,0,0,7,0,0,0,0,0,0,0,0,0,2,0,0,0,0,0,0,0,0,0,0,0,0,0,0,0,0,4,0,0,0,0,0,0,0,0,12,0,0,0,0,0,0,0,0,0,0,1,0,0,1,0,0
59,Control,12,49,0,7,8,5,55,21,2,0.166666666666667,0.923076923076923,0.266666666666667,34.74,1,0,0,0,85,1,0,0,0,0,0,0,0,0,2,0,0,0,0,0,0,1,1,1,0,0,0,0,1,0,1,13,0,0,0,0,1,0,0,0,13,0,0,0,0,0,0,7,49,52,0,5,0,0,5,0,9
60,Control,0,0,0,0,0,30,30,24,0,0,0.885714285714286,0.444444444444444,45.56,0,1,0,0,45,1,0,0,0,0,0,0,0,0,2,0,0,0,0,0,0,0,1,1,0,0,0,0,0,0,1,13,0,0,0,0,1,0,0,0,14,0,0,0,0,0,0,0,19,25,0,0,0,0,0,0,14
61,Control,1,0,0,0,0,28,26,33,0,0,0.953488372093023,0.888888888888889,75.49,1,1,0,0,15,1,0,0,0,0,0,0,0,0,2,0,0,0,0,0,0,0,0,0,0,0,0,0,0,0,0,51,0,0,0,0,0,0,0,0,62,0,0,0,0,0,0,0,0,1,0,0,0,0,0,0,0
62,Control,1,6,0,0,2,28,32,30,1,1,0.9,0.333333333333333,39.56,1,1,0,0,84,1,0,0,0,0,0,0,0,0,2,0,0,0,0,0,0,0,1,1,0,0,0,0,1,0,1,11,0,0,0,0,2,0,0,0,12,0,0,0,0,0,0,1,54,54,0,3,0,0,3,0,4
63,Control,0,0,0,0,0,137,26,24,0,0,0,0,0,0,1,0,0,1,0,0,0,0,0,0,0,0,0,0,0,0,0,0,0,0,0,0,0,0,0,0,0,0,0,0,0,0,0,0,0,0,0,0,0,0,0,0,0,0,0,0,0,0,0,0,1,0,0,1,0,0
64,Control,4,6,0,0,4,1,59,24,0,0,0.769230769230769,0.181818181818182,13.41,1,1,0,0,19,0,0,0,0,0,0,0,0,0,1,0,0,0,0,0,0,0,1,1,0,0,0,0,0,0,1,4,0,0,0,0,0,0,0,0,4,0,0,0,0,0,0,0,6,6,0,0,0,0,0,0,4
65,Control,11,25,0,0,7,14,46,27,1,0.0909090909090909,0.510416666666667,0.333333333333333,21.15,1,1,0,0,48,1,0,0,0,0,1,0,0,0,2,0,0,0,0,0,0,0,1,1,0,0,0,0,0,0,1,14,0,0,0,0,3,0,0,0,16,0,0,0,0,0,0,0,25,25,0,0,0,0,0,0,9
66,Control,23,35,0,0,6,4,56,30,2,0.0869565217391304,0.930232558139535,0.76,30.69,1,1,0,0,57,1,0,0,0,0,0,0,0,0,2,0,0,0,0,0,0,0,1,1,0,0,0,0,0,0,1,23,0,0,0,0,1,0,0,0,23,0,0,0,0,0,0,0,31,35,0,0,0,0,0,0,20
67,Control,0,0,0,0,0,30,30,27,0,0,0.911111111111111,0.6875,53.85,0,1,0,0,54,1,0,0,0,0,0,0,0,0,2,0,0,0,0,0,0,0,1,1,0,0,0,0,1,0,1,25,0,0,0,0,0,0,0,0,25,0,0,0,0,0,0,1,40,26,0,4,0,0,4,0,28
68,Control,9,42,0,7,6,12,48,24,1,0.111111111111111,0.857142857142857,0.545454545454545,24.53,1,1,0,0,71,0,0,0,0,0,0,0,0,0,1,0,0,0,0,0,0,1,1,1,0,0,0,0,1,0,1,9,0,0,0,0,1,0,0,0,9,0,0,0,0,0,0,7,42,42,0,7,0,0,7,0,14
69,Control,10,0,0,0,3,32,28,18,0,0,1,0,0,1,1,0,0,3,1,0,0,0,0,0,0,0,0,2,0,0,0,0,0,0,0,0,0,0,0,0,0,0,0,0,18,0,0,0,0,0,0,0,0,36,0,0,0,0,0,0,0,0,0,0,0,0,0,0,0,0
70,Control,50,37,0,0,7,3,57,27,0,0,0.954545454545455,0.866666666666667,71.91,1,1,0,0,52,1,0,0,0,0,0,0,0,0,2,0,0,0,0,0,0,0,2,1,0,0,0,0,0,0,1,52,0,0,0,0,0,0,0,0,52,0,0,0,0,0,0,0,441,37,0,0,0,0,0,0,67
71,Control,5,35,1,0,5,25,35,30,1,0.2,0.823529411764706,0.181818181818182,14.81,1,1,0,0,35,0,0,0,0,0,0,0,0,0,1,0,0,0,0,0,0,0,1,1,0,0,0,0,1,0,1,6,2,2,9,2,0,0,1,0,6,0,0,0,0,0,1,0,35,36,0,9,0,0,9,0,26
72,Control,1,12,0,0,2,34,26,30,0,0,0,0,0,1,1,0,0,15,0,0,0,0,0,0,0,0,0,0,0,0,0,0,0,0,0,1,1,0,0,0,0,0,0,0,1,0,0,0,0,0,0,0,0,1,0,0,0,0,0,0,0,15,19,0,1,0,0,1,0,0
73,Control,28,21,0,0,6,11,49,27,0,0,0.970588235294118,0.892857142857143,69.16,1,1,0,0,68,1,0,0,0,0,1,0,0,0,2,0,0,0,0,0,0,0,2,1,0,0,0,0,0,0,1,37,0,0,0,0,5,0,0,0,37,0,0,0,0,0,0,0,112,41,0,1,0,0,1,0,56
74,Control,0,0,0,0,0,28,26,27,2,0,1,1,51.19,0,1,0,0,74,1,0,0,0,0,0,0,0,0,2,0,0,0,0,0,0,0,1,1,0,0,0,0,1,0,1,38,0,0,0,0,0,0,0,0,38,0,0,0,0,0,0,0,84,45,0,8,0,0,8,0,48
75,Control,1,0,0,0,0,28,26,30,0,0,0.666666666666667,0.181818181818182,0,1,1,0,0,46,0,0,0,0,0,0,0,0,0,1,0,0,0,0,0,0,0,1,1,0,0,0,0,0,0,1,3,0,0,0,0,0,0,0,0,3,0,0,0,0,0,0,0,29,29,0,2,0,0,2,0,4
76,Control,12,20,0,0,5,4,56,24,2,0.166666666666667,0.941176470588235,0.3125,38.1,1,0,0,0,40,1,0,0,0,0,0,0,0,0,2,0,0,0,0,0,0,0,1,1,0,0,0,0,0,0,0,13,0,0,0,0,1,0,0,0,13,0,0,0,0,0,0,0,21,21,0,1,0,0,1,0,2
77,Control,0,0,0,1,1,29,31,30,0,0,0,0,0,0,1,0,0,9,0,0,0,0,0,0,0,0,0,0,0,0,0,0,0,0,0,0,0,0,0,0,0,1,0,0,1,0,0,0,0,0,0,0,0,1,0,0,0,0,0,0,2,0,0,0,5,0,0,5,0,0
78,Control,19,43,0,0,7,13,47,27,0,0,0.979591836734694,0.823529411764706,51.95,1,0,0,0,72,1,0,0,0,0,0,0,0,0,2,0,0,0,0,0,0,0,1,1,0,0,0,0,1,0,1,35,0,0,0,0,0,0,0,0,35,0,0,0,0,0,0,0,93,44,0,3,0,0,3,0,53
79,Control,22,28,0,0,6,3,57,9,0,0,0.985507246376812,0.785714285714286,63.53,1,0,0,0,51,1,0,0,0,0,0,0,0,0,2,0,0,0,0,0,0,0,1,1,0,0,0,0,0,0,1,24,0,0,0,0,1,0,0,0,24,0,0,0,0,0,0,0,46,30,0,0,0,0,0,0,22
80,Control,8,2,0,0,1,32,28,30,2,0.25,0.971428571428571,0.538461538461538,35.37,1,1,0,0,15,1,0,0,0,0,0,0,0,0,2,0,0,0,0,0,0,0,0,0,0,0,0,0,0,0,0,10,0,0,0,0,0,0,0,0,10,0,0,0,0,0,0,0,2,2,0,0,0,0,0,0,0
81,Control,11,29,0,0,6,6,54,24,0,0,0.885714285714286,0.451612903225806,40.32,1,0,0,0,48,1,0,0,0,0,0,0,0,0,2,0,0,0,0,0,0,0,1,1,0,0,0,0,0,0,1,11,0,0,0,0,0,0,0,0,13,0,0,0,0,0,0,0,30,30,0,0,0,0,0,0,15
82,Control,21,0,0,0,3,2,58,27,0,0,0.961538461538462,0.769230769230769,63.22,1,1,0,0,10,1,0,0,0,0,0,0,0,0,2,0,0,0,0,0,0,0,0,0,0,0,0,0,0,0,0,23,0,0,0,0,0,0,0,0,22,0,0,0,0,0,0,0,0,0,0,1,0,0,1,0,0
83,Control,0,0,0,0,0,28,32,21,0,0,0,0,0,0,1,0,0,26,0,0,0,0,0,0,0,0,0,1,0,0,0,0,0,0,0,1,1,0,0,0,0,0,0,1,5,0,0,0,0,0,0,0,0,5,0,0,0,0,0,0,1,5,13,0,2,0,0,2,0,4
84,Control,24,46,0,1,7,3,57,30,0,0,0.892307692307692,0.482758620689655,53.17,1,0,0,0,73,1,0,0,0,0,1,0,0,0,2,0,0,0,0,0,0,0,1,1,0,0,0,0,0,0,1,25,0,0,0,0,3,0,0,0,25,0,0,0,0,0,0,1,73,47,0,0,0,0,0,0,48
85,Control,1,6,2,2,2,25,35,27,0,0,0.571428571428571,0.181818181818182,6.33,1,1,0,0,10,0,0,0,0,0,0,0,0,0,0,0,0,0,0,0,0,0,1,1,0,0,0,0,0,0,0,1,4,0,8,4,0,0,0,0,1,0,0,0,0,0,2,2,4,6,0,0,0,0,0,0,1
86,Control,9,52,0,1,6,6,45,21,0,0,0.866666666666667,0.473684210526316,34.48,1,1,0,0,80,1,0,0,0,0,0,0,0,0,2,0,0,0,0,0,0,0,1,1,0,0,0,0,0,0,1,27,0,0,0,0,2,0,0,0,25,0,0,0,0,0,0,1,38,52,0,2,0,0,2,0,9
87,Control,5,38,0,0,5,26,34,24,1,0.2,0.59375,0.285714285714286,21.35,1,0,0,0,12,0,0,0,0,0,0,0,0,0,1,0,0,0,0,0,0,0,1,1,0,0,0,0,1,0,1,6,0,0,0,0,0,0,0,0,7,0,0,0,0,0,0,0,38,38,0,3,0,0,3,0,6
88,Control,28,24,0,0,6,6,54,24,0,0,0.86,0.689655172413793,54.21,1,1,0,0,47,1,0,0,0,0,0,0,0,0,2,0,0,0,0,0,0,0,1,1,0,0,0,0,0,0,1,28,0,0,0,0,1,0,0,0,28,0,0,0,0,0,0,0,68,24,0,0,0,0,0,0,52
89,Control,12,28,0,0,7,4,56,21,1,0.0833333333333333,0.914285714285714,0.476190476190476,42.42,1,0,0,0,54,1,0,0,0,0,0,0,0,0,2,0,0,0,0,0,0,0,1,1,0,0,0,0,1,0,1,22,0,0,0,0,1,0,0,0,21,0,0,0,0,0,0,0,28,28,0,4,0,0,4,0,16
90,Treatment,25,98,17,17,19,2,58,21,0,0,0.75,0.181818181818182,7.02,1,0,0,0,85,1,0,1,1,0,0,0,0,0,2,0,0,0,0,0,2,2,2,1,0,2,0,0,3,0,2,35,0,60,290,0,0,0,18,0,39,0,0,0,0,0,17,17,142,98,0,111,0,0,111,0,149
91,Treatment,3,0,0,0,1,25,35,24,0,0,0,0,0,1,0,0,0,4,0,0,0,0,0,0,0,0,0,1,0,0,0,0,0,0,0,0,0,0,0,0,0,0,0,0,3,0,0,0,0,0,0,0,0,3,0,0,0,0,0,0,0,0,0,0,0,0,0,0,0,0
92,Treatment,41,38,0,0,8,5,55,24,3,0.0731707317073171,0.939130434782609,0.794871794871795,50.7,1,0,0,0,74,1,0,0,0,0,1,0,0,0,2,0,0,0,0,0,0,0,1,1,0,0,0,0,1,0,1,44,0,0,0,0,6,0,0,0,44,0,0,0,0,0,0,0,95,38,0,4,0,0,4,0,68
93,Treatment,12,25,0,0,5,11,49,24,0,0,0.882352941176471,0.4,46.07,1,0,0,0,48,1,0,0,0,0,0,0,0,0,2,0,0,0,0,0,0,0,1,1,0,0,0,0,0,0,0,12,0,0,0,0,1,0,0,0,12,0,0,0,0,0,0,0,28,26,0,2,0,0,2,0,1
94,Treatment,15,42,0,0,6,20,40,30,1,0.0666666666666667,0.792452830188679,0.514285714285714,32.84,1,0,0,0,64,1,0,0,0,0,0,0,0,0,2,0,0,0,0,0,0,0,1,1,0,0,0,0,0,0,1,15,0,0,0,0,0,0,0,0,15,0,0,0,0,0,0,0,62,42,0,0,0,0,0,0,34
95,Treatment,25,249,9,1,13,8,52,21,0,0,0.9375,0.6,73.33,1,1,0,0,54,1,1,1,1,1,0,0,0,0,2,0,0,0,0,0,2,0,3,2,0,0,0,0,0,0,0,26,77,75,176,63,0,0,1,0,26,0,0,0,0,0,10,1,1576,261,0,0,0,0,0,0,0
96,Treatment,18,90,0,0,7,26,34,27,3,0.166666666666667,0.952380952380952,0.769230769230769,48.15,1,1,0,0,46,1,0,0,0,0,0,0,0,0,2,0,0,0,0,0,0,0,2,2,0,0,0,0,0,0,1,27,0,0,0,0,0,0,0,0,27,0,0,0,0,0,0,0,933,120,0,0,0,0,0,0,4
97,Treatment,5,66,0,0,4,20,40,27,0,0,0.666666666666667,0.407407407407407,23.29,1,0,0,0,20,0,0,0,0,0,0,0,0,0,1,0,0,0,0,0,0,0,2,1,0,0,0,0,0,0,0,5,0,0,0,0,0,0,0,0,5,0,0,0,0,0,0,0,158,71,0,0,0,0,0,0,0
98,Treatment,9,2,0,0,3,23,37,27,0,0,0.884615384615385,0.307692307692308,23.81,1,1,0,0,10,0,0,0,0,0,0,0,0,0,2,0,0,0,0,0,0,0,1,0,0,0,0,0,0,0,0,9,0,0,0,0,0,0,0,0,10,0,0,0,0,0,0,0,4,2,0,1,0,0,1,0,0
99,Treatment,36,81,4,9,14,10,50,21,0,0,0.907692307692308,0.795918367346939,57.81,1,1,0,0,98,1,1,0,1,1,1,0,0,0,2,0,0,0,0,0,1,1,2,1,0,0,0,0,1,0,1,40,86,0,131,21,5,0,0,0,40,0,0,0,0,0,4,9,481,81,0,3,0,0,3,0,99
100,Treatment,0,0,0,0,0,28,32,27,0,0,0.909090909090909,0.727272727272727,2.29,0,1,0,0,11,0,0,0,0,0,0,0,0,0,0,0,0,0,0,0,0,0,1,1,0,0,0,0,0,0,0,3,0,0,0,0,0,0,0,0,0,0,0,0,0,0,0,0,4,3,0,1,0,0,1,0,0
101,Treatment,6,149,0,0,6,29,31,30,1,0.166666666666667,0.8,0.181818181818182,15.15,1,1,0,0,35,0,0,0,0,0,0,0,0,0,1,0,0,0,0,0,0,0,2,2,0,0,0,0,0,0,1,6,0,0,0,0,0,0,0,0,7,0,0,0,0,0,0,0,194,158,0,0,0,0,0,0,4
102,Treatment,0,0,0,0,0,25,35,21,0,0,0,0,0,0,1,0,0,1,0,0,0,0,0,0,0,0,0,0,0,0,0,0,0,0,0,0,0,0,0,0,0,0,0,0,0,0,0,0,0,0,0,0,0,0,0,0,0,0,0,0,0,0,0,0,1,0,0,1,0,0
103,Treatment,0,0,0,0,0,28,26,24,0,0,0,0,0,0,1,0,0,24,0,0,0,0,0,0,0,0,0,0,0,0,0,0,0,0,2,0,0,0,1,0,0,2,0,0,1,0,0,0,0,0,0,0,0,2,0,0,0,0,0,0,10,2,2,0,35,0,0,35,0,0
104,Treatment,24,76,3,4,12,8,52,24,0,0,0.987951807228916,0.85,77.78,1,0,0,0,122,1,0,1,0,0,1,0,0,0,2,0,0,0,0,0,1,1,2,1,0,0,0,0,1,0,1,25,0,14,95,0,7,0,10,0,31,0,0,0,0,0,3,4,103,77,0,4,0,0,4,0,84
105,Treatment,14,61,0,0,6,2,58,24,0,0,0.833333333333333,0.181818181818182,11.76,1,1,0,0,13,1,0,0,0,0,0,0,0,0,2,0,0,0,0,0,0,0,2,1,0,0,0,0,0,0,0,15,0,0,0,0,0,0,0,0,15,0,0,0,0,0,0,0,489,61,0,0,0,0,0,0,1
106,Treatment,16,44,0,0,7,15,45,24,2,0.125,0.9375,0.615384615384615,52.08,1,0,0,0,73,1,0,0,0,0,1,0,0,0,2,0,0,0,0,0,0,0,1,1,0,0,0,0,0,0,1,16,0,0,0,0,5,0,0,0,16,0,0,0,0,0,0,0,64,45,0,1,0,0,1,0,33
107,Treatment,0,0,0,0,0,16,37,27,0,0,0.977777777777778,0.833333333333333,44.19,0,1,0,0,60,1,0,0,0,0,1,0,0,0,2,0,0,0,0,0,0,0,2,1,0,0,0,0,0,0,2,22,0,0,0,0,8,0,0,0,22,0,0,0,0,0,0,0,127,28,0,1,0,0,1,0,116
108,Treatment,17,47,11,0,11,7,53,21,2,0.117647058823529,0.901234567901235,0.578947368421053,55.15,1,0,0,0,83,1,0,1,1,0,0,0,0,0,2,0,0,0,0,0,2,0,1,1,0,0,0,0,1,0,1,17,0,47,266,0,2,0,11,0,17,0,0,0,0,0,13,0,68,49,0,5,0,0,5,0,45
109,Treatment,26,27,0,1,7,14,28,30,4,0.153846153846154,0.941176470588235,0.727272727272727,25.86,1,0,0,0,54,1,0,0,0,0,1,0,0,0,2,0,0,0,0,0,0,0,1,1,0,0,0,0,0,0,1,27,0,0,0,0,8,0,0,0,27,0,0,0,0,0,0,1,71,27,0,1,0,0,1,0,23
110,Treatment,10,25,0,1,6,15,45,27,2,0.2,0.661016949152542,0.575757575757576,21.25,1,0,0,0,49,1,0,0,0,0,0,0,0,0,2,0,0,0,0,0,0,0,1,1,0,0,0,0,0,0,1,11,0,0,0,0,1,0,0,0,11,0,0,0,0,0,0,1,26,26,0,1,0,0,1,0,12
111,Treatment,11,33,2,0,7,7,53,27,0,0,0.918367346938776,0.266666666666667,43.59,1,0,4,0.363636363636364,61,1,0,0,0,0,1,0,0,0,2,0,0,0,0,0,0,0,1,1,0,0,0,0,0,0,1,10,0,0,0,0,3,0,0,0,10,0,0,0,0,0,2,0,29,35,0,0,0,0,0,0,9
112,Treatment,38,45,0,2,11,6,54,24,2,0.0526315789473684,0.880952380952381,0.833333333333333,61.86,1,0,0,0,83,1,0,0,0,0,0,0,0,0,2,0,0,0,0,0,0,0,2,1,0,1,0,0,2,0,2,45,0,0,0,0,0,0,0,0,68,0,0,0,0,0,0,2,113,45,0,11,0,0,11,0,121
113,Treatment,12,9,0,0,6,19,41,27,3,0.25,0.961538461538462,0.761904761904762,39.33,1,1,0,0,28,1,0,0,0,0,0,0,0,0,2,0,0,0,0,0,0,0,1,1,0,0,0,0,0,0,1,14,0,0,0,0,0,0,0,0,15,0,0,0,0,0,0,0,13,10,0,1,0,0,1,0,12
114,Treatment,19,97,1,5,10,3,57,27,0,0,0.978723404255319,0.722222222222222,56.57,1,0,0,0,103,1,1,1,0,1,1,0,0,0,2,0,0,0,0,0,0,1,2,2,0,0,0,0,1,0,1,19,21,20,76,20,8,0,2,0,19,0,0,0,0,0,2,5,650,107,0,6,0,0,6,0,32
115,Treatment,11,69,0,0,10,5,55,24,2,0.181818181818182,0.951612903225807,0.4,51.76,1,0,0,0,106,1,0,0,0,0,0,0,0,0,2,0,0,0,0,0,0,0,1,1,0,1,0,0,2,0,2,11,0,0,0,0,0,0,0,0,49,0,0,0,0,0,0,0,69,69,0,14,0,0,14,0,158
116,Treatment,11,16,5,5,8,5,55,24,0,0,0.84,0.411764705882353,38.78,1,1,0,0,43,1,0,0,0,0,0,0,0,0,2,0,0,0,0,0,1,1,1,1,0,0,0,0,0,0,1,12,0,7,27,0,0,0,1,0,19,0,0,0,0,0,5,5,45,16,0,2,0,0,2,0,54
117,Treatment,38,106,0,4,12,1,51,30,2,0.0526315789473684,0.961038961038961,0.8,59.54,1,0,0,0,128,1,0,0,0,0,1,0,0,0,2,0,0,0,0,0,0,1,2,2,0,0,0,0,1,0,2,40,0,0,0,0,5,0,0,0,40,0,0,0,0,0,0,4,334,106,0,7,0,0,7,0,111
118,Treatment,32,58,0,9,11,10,50,27,1,0.03125,0.981132075471698,0.727272727272727,52,1,0,0,0,99,1,0,0,0,0,1,0,0,0,2,0,0,0,0,0,0,1,2,1,0,0,0,0,1,0,2,32,0,0,0,0,4,0,0,0,42,0,0,0,0,0,0,9,156,59,0,7,0,0,7,0,126
119,Treatment,38,0,1,0,6,19,41,24,6,0.157894736842105,0.835820895522388,0.685714285714286,38.37,1,1,0,0,15,1,1,1,0,1,0,0,0,0,2,0,0,0,0,0,0,0,0,0,0,0,0,0,0,0,0,38,24,11,56,12,0,0,8,0,38,0,0,0,0,0,1,0,0,0,0,0,0,0,0,0,0
120,Treatment,6,4,0,0,4,12,48,24,0,0,0.75,0.181818181818182,19.28,1,1,0,0,17,0,0,0,0,0,0,0,0,0,1,0,0,0,0,0,0,0,1,1,0,0,0,0,0,0,1,6,0,0,0,0,0,0,0,0,6,0,0,0,0,0,0,0,8,4,0,1,0,0,1,0,8
121,Treatment,3,20,0,0,3,28,26,27,0,0,1,0,3.94,1,1,0,0,3,0,0,0,0,0,0,0,0,0,1,0,0,0,0,0,0,0,1,1,0,0,0,0,0,0,0,3,0,0,0,0,0,0,0,0,3,0,0,0,0,0,0,0,28,20,0,0,0,0,0,0,0
122,Treatment,5,0,0,0,1,28,32,24,0,0,0.75,0.181818181818182,4.24,1,0,10,2,2,0,0,0,0,0,0,0,0,0,1,0,0,0,0,0,0,0,0,0,0,0,0,0,0,0,0,5,0,0,0,0,0,0,0,0,5,0,0,0,0,0,0,0,0,0,0,1,0,0,1,0,0
123,Treatment,15,34,1,2,8,11,49,27,0,0,0.952380952380952,0.615384615384615,52.22,1,1,0,0,70,1,0,0,0,0,1,0,0,0,2,0,0,0,0,0,0,0,1,1,0,0,0,0,1,0,1,15,0,0,0,0,8,0,0,0,17,0,0,0,0,0,1,2,38,34,0,5,0,0,5,0,19
124,Treatment,15,28,0,0,5,10,50,30,5,0.333333333333333,1,1,11.54,1,1,0,0,46,1,0,0,0,0,0,0,0,0,2,0,0,0,0,0,0,0,0,1,0,0,0,0,1,0,0,15,0,0,0,0,0,0,0,0,15,0,0,0,0,0,0,0,0,28,0,4,0,0,4,0,0
125,Treatment,7,49,0,8,6,14,46,24,1,0.142857142857143,0.975,0.727272727272727,21.52,1,1,0,0,34,1,0,0,0,0,0,0,0,0,2,0,0,0,0,0,0,1,1,1,0,0,0,0,0,0,1,12,0,0,0,0,0,0,0,0,11,0,0,0,0,0,0,8,67,49,0,0,0,0,0,0,24
126,Treatment,6,0,0,0,1,15,45,27,0,0,0.806451612903226,0.521739130434783,33.59,1,1,0,0,6,0,0,0,0,0,0,0,0,0,1,0,0,0,0,0,0,0,0,0,0,0,0,0,0,0,0,6,0,0,0,0,0,0,0,0,7,0,0,0,0,0,0,0,0,0,0,0,0,0,0,0,0
127,Treatment,0,0,0,0,0,28,26,21,0,0,0,0,0,0,1,0,0,1,0,0,0,0,0,0,0,0,0,0,0,0,0,0,0,0,0,0,0,0,0,0,0,0,0,0,0,0,0,0,0,0,0,0,0,0,0,0,0,0,0,0,0,0,0,0,1,0,0,1,0,0
128,Treatment,40,60,6,0,10,3,57,21,0,0,0.9875,0.870967741935484,35.46,1,0,6,0.15,58,1,0,0,0,0,1,0,0,0,2,0,0,0,0,0,1,0,2,1,0,0,0,0,0,0,2,47,0,4,18,0,7,0,2,0,47,0,0,0,0,0,6,0,147,60,0,2,0,0,2,0,124
129,Treatment,12,55,0,0,7,11,32,30,4,0.333333333333333,0.823529411764706,0.181818181818182,29.09,1,0,0,0,79,1,0,0,0,0,1,0,0,0,2,0,0,0,0,0,0,0,1,1,0,0,0,0,0,0,1,13,0,0,0,0,3,0,0,0,13,0,0,0,0,0,0,0,67,55,0,1,0,0,1,0,20
130,Treatment,18,54,9,2,11,12,48,30,1,0.0555555555555556,0.945454545454545,0.666666666666667,57.52,1,0,0,0,87,1,0,1,1,0,1,0,0,0,2,0,0,0,0,0,1,0,1,1,0,0,0,0,1,0,1,20,0,34,164,0,7,0,10,0,20,0,0,0,0,0,9,2,88,55,0,9,0,0,9,0,52
131,Treatment,8,42,0,0,2,18,42,27,0,0,0.943661971830986,0.737704918032787,2.05,1,1,26,3.25,57,0,0,0,0,0,0,0,0,0,0,0,0,0,0,0,0,0,1,1,0,0,0,0,0,0,0,8,0,0,0,0,0,0,0,0,0,0,0,0,0,0,0,0,41,44,0,2,0,0,2,0,0
132,Treatment,12,28,0,0,8,18,42,27,4,0.333333333333333,0.869565217391304,0.666666666666667,31.91,1,1,0,0,56,1,0,0,0,0,1,0,0,0,2,0,0,0,0,0,0,0,1,1,0,0,0,0,1,0,1,13,0,0,0,0,3,0,0,0,13,0,0,0,0,0,0,0,31,28,0,3,0,0,3,0,11
133,Treatment,0,0,0,1,0,32,28,21,0,0,0,0,0,0,1,0,0,0,0,0,0,0,0,0,0,0,0,0,0,0,0,0,0,0,0,0,0,0,0,0,0,0,0,0,0,0,0,0,0,0,0,0,0,0,0,0,0,0,0,0,1,0,0,0,0,0,0,0,0,0
134,Treatment,9,47,0,0,5,31,29,21,7,0.777777777777778,0.8,0.181818181818182,13.41,1,1,0,0,69,1,0,0,0,0,0,0,0,0,1,0,0,0,0,0,0,0,1,1,0,0,0,0,0,0,1,10,0,0,0,0,0,0,0,0,9,0,0,0,0,0,0,0,48,48,0,1,0,0,1,0,7
135,Treatment,15,249,16,10,25,7,53,24,0,0,0.880597014925373,0.314285714285714,32.79,1,0,0,0,117,1,2,2,1,2,0,0,0,0,2,0,0,0,0,0,2,2,3,2,0,2,0,0,3,0,1,19,132,174,540,126,0,0,5,0,19,0,0,0,0,0,16,10,1068,249,0,113,0,0,113,0,16
136,Treatment,28,74,12,12,16,12,48,18,9,0.321428571428571,0.875,0.571428571428571,44.09,1,1,0,0,120,1,0,1,0,0,1,0,0,0,2,0,0,0,0,0,2,2,2,1,0,1,0,0,2,0,1,28,0,24,24,0,5,0,0,0,28,0,0,0,0,0,13,12,135,76,0,14,0,0,14,0,58
137,Treatment,7,35,0,0,5,19,41,24,1,0.142857142857143,0.65,0.461538461538462,18.59,1,1,0,0,59,0,0,0,0,0,0,0,0,0,1,0,0,0,0,0,0,0,1,1,0,0,0,0,1,0,1,7,0,0,0,0,0,0,0,0,7,0,0,0,0,0,0,0,36,36,0,7,0,0,7,0,7
138,Treatment,30,58,0,1,8,7,53,30,0,0,0.983606557377049,0.769230769230769,64.18,1,0,0,0,94,1,0,1,0,0,1,0,0,0,2,0,0,0,0,0,0,0,2,1,0,0,0,0,0,0,2,34,0,12,60,0,4,0,9,0,34,0,0,0,0,0,1,1,144,59,0,0,0,0,0,0,111
139,Treatment,7,49,16,0,8,25,35,30,2,0.285714285714286,0.935483870967742,0.538461538461538,31.94,1,1,0,0,32,0,1,0,1,1,0,0,0,0,1,0,0,0,0,0,2,0,1,1,0,0,0,0,0,0,0,8,47,1,191,74,0,0,0,0,9,0,0,0,0,0,17,0,60,60,0,0,0,0,0,0,0
140,Treatment,7,50,1,0,5,10,50,27,0,0,0.783333333333333,0.514285714285714,31.13,1,1,0,0,13,0,1,0,0,0,0,0,0,0,1,0,0,0,0,0,0,0,2,1,0,0,0,0,0,0,0,8,18,0,47,9,0,0,0,0,7,0,0,0,0,0,1,0,165,50,0,2,0,0,2,0,0
141,Treatment,28,32,11,4,12,27,33,18,10,0.357142857142857,0.928571428571429,0.727272727272727,24.51,1,1,0,0,55,1,0,1,1,0,0,0,0,0,2,0,0,0,0,0,2,1,1,1,0,0,0,0,1,0,1,39,0,66,174,0,0,0,2,0,43,0,0,0,0,0,12,4,90,33,0,4,0,0,4,0,51
142,Treatment,12,316,16,4,23,8,46,30,1,0.0833333333333333,0.982758620689655,0.88,63,1,0,5,0.416666666666667,122,1,2,2,1,2,1,0,0,0,2,0,0,0,0,0,2,1,3,2,0,1,0,0,2,0,1,13,336,166,792,166,6,0,8,0,59,0,0,0,0,0,17,4,1047,325,0,14,0,0,14,0,57
143,Treatment,13,0,0,0,3,2,58,24,1,0.0769230769230769,0.923076923076923,0.4,47.44,1,1,0,0,9,1,0,0,0,0,0,0,0,0,2,0,0,0,0,0,0,0,0,0,0,0,0,0,0,0,0,13,0,0,0,0,0,0,0,0,15,0,0,0,0,0,0,0,0,0,0,0,0,0,0,0,0
144,Treatment,17,73,0,0,6,22,38,30,5,0.294117647058824,0.8125,0.307692307692308,39.73,1,1,0,0,6,1,0,0,0,0,0,0,0,0,2,0,0,0,0,0,0,0,2,1,0,0,0,0,0,0,0,22,0,0,0,0,0,0,0,0,22,0,0,0,0,0,0,0,526,83,0,0,0,0,0,0,0
145,Treatment,9,2,0,0,1,19,36,27,1,0.111111111111111,0.947368421052632,0.739130434782609,57.01,1,0,0,0,14,1,0,0,0,0,0,0,0,0,2,0,0,0,0,0,0,0,0,0,0,0,0,0,0,0,0,12,0,0,0,0,0,0,0,0,12,0,0,0,0,0,0,0,1,2,0,0,0,0,0,0,0
146,Treatment,0,0,0,0,0,16,44,21,1,0,1,0,0,0,1,0,0,0,0,0,0,0,0,0,0,0,0,0,0,0,0,0,0,0,0,0,0,0,0,0,0,0,0,0,1,0,0,0,0,0,0,0,0,1,0,0,0,0,0,0,0,0,0,0,0,0,0,0,0,0
147,Treatment,15,43,0,8,8,20,40,27,4,0.266666666666667,0.884615384615385,0.307692307692308,25.68,1,1,0,0,73,1,0,0,0,0,0,0,0,0,2,0,0,0,0,0,0,1,1,1,0,0,0,0,1,0,1,15,0,0,0,0,0,0,0,0,15,0,0,0,0,0,0,8,43,43,0,6,0,0,6,0,15
148,Treatment,10,33,0,0,7,18,42,18,0,0,0.914893617021277,0.72,43.75,1,0,0,0,56,1,0,0,0,0,1,0,0,0,2,0,0,0,0,0,0,0,1,1,0,0,0,0,0,0,1,10,0,0,0,0,5,0,0,0,10,0,0,0,0,0,0,0,37,33,0,0,0,0,0,0,15
149,Treatment,8,46,0,0,4,12,37,24,4,0.5,0.869565217391304,0.181818181818182,18.52,1,0,13,1.625,68,0,0,0,0,0,0,0,0,0,1,0,0,0,0,0,0,0,1,1,0,0,0,0,0,0,1,9,0,0,0,0,2,0,0,0,9,0,0,0,0,0,0,0,53,46,0,1,0,0,1,0,23
150,Treatment,4,19,0,0,5,15,45,30,1,0.25,0.709677419354839,0.5,10.91,1,1,0,0,39,0,0,0,0,0,0,0,0,0,1,0,0,0,0,0,0,0,1,1,0,0,0,0,1,0,1,6,0,0,0,0,0,0,0,0,4,0,0,0,0,0,0,0,21,21,0,4,0,0,4,0,6
151,Treatment,2,0,0,0,0,23,37,27,0,0,0.625,0.181818181818182,5.49,1,1,0,0,1,0,0,0,0,0,0,0,0,0,0,0,0,0,0,0,0,0,0,0,0,0,0,0,0,0,0,2,0,0,0,0,0,0,0,0,1,0,0,0,0,0,0,0,0,0,0,0,0,0,0,0,0
152,Treatment,20,103,0,10,14,6,54,27,0,0,0.936170212765958,0.666666666666667,61.22,1,1,0,0,158,1,0,0,0,0,0,0,0,0,2,0,0,0,0,0,0,2,2,2,0,2,0,0,3,0,2,22,0,0,0,0,2,0,0,0,21,0,0,0,0,0,0,10,116,103,0,100,0,0,100,0,103
153,Treatment,0,0,0,4,2,22,38,30,0,0,0,0,0,0,1,0,0,10,0,0,0,0,0,0,0,0,0,0,0,0,0,0,0,0,1,0,0,0,0,0,0,1,0,0,0,0,0,0,0,0,0,0,0,0,0,0,0,0,0,0,5,0,0,0,5,0,0,5,0,0
154,Treatment,39,54,0,0,7,10,50,24,2,0.0512820512820513,0.987804878048781,0.977272727272727,56.67,1,0,0,0,85,1,0,0,0,0,0,0,0,0,2,0,0,0,0,0,0,0,2,1,0,0,0,0,0,0,1,39,0,0,0,0,2,0,0,0,47,0,0,0,0,0,0,0,111,54,0,2,0,0,2,0,98
155,Treatment,11,8,0,0,4,23,37,24,9,0.818181818181818,0.888888888888889,0.230769230769231,7.29,1,1,0,0,21,1,0,0,0,0,0,0,0,0,2,0,0,0,0,0,0,0,0,1,0,0,0,0,0,0,0,11,0,0,0,0,0,0,0,0,11,0,0,0,0,0,0,0,0,8,0,0,0,0,0,0,0
156,Treatment,35,166,22,1,22,5,55,30,0,0,0.980769230769231,0.823529411764706,65.28,1,0,0,0,130,1,2,1,1,2,0,0,0,0,2,0,0,0,0,0,2,0,3,2,0,2,0,0,3,0,1,35,156,25,560,100,0,0,6,0,37,0,0,0,0,0,22,1,1292,166,0,113,0,0,113,0,82
157,Treatment,12,36,2,0,6,2,58,21,0,0,0.951612903225807,0.444444444444444,44.94,1,0,12,1,46,1,0,0,0,0,0,0,0,0,2,0,0,0,0,0,0,0,1,1,0,0,0,0,0,0,1,12,0,2,9,0,0,0,1,0,12,0,0,0,0,0,2,0,35,36,0,2,0,0,2,0,11
158,Treatment,28,21,11,0,10,10,50,27,0,0,0.985294117647059,0.9,67.84,1,0,0,0,50,1,0,1,1,0,0,0,0,0,2,0,0,0,0,0,2,0,1,1,0,0,0,0,0,0,1,28,0,58,393,0,2,0,12,0,28,0,0,0,0,0,11,0,47,21,0,0,0,0,0,0,38
159,Treatment,19,95,4,15,15,10,50,27,0,0,0.911764705882353,0.4,53.95,1,1,0,0,108,1,1,1,1,1,0,0,0,0,2,0,0,0,0,0,1,2,2,1,0,0,0,0,1,0,1,19,24,48,124,48,0,0,0,0,19,0,0,0,0,0,4,15,531,95,0,8,0,0,8,0,15
160,Treatment,56,37,0,0,7,12,48,30,0,0,0.984126984126984,0.857142857142857,64.37,1,0,0,0,66,1,0,0,0,0,0,0,0,0,2,0,0,0,0,0,0,0,2,1,0,0,0,0,0,0,1,57,0,0,0,0,0,0,0,0,57,0,0,0,0,0,0,0,124,37,0,1,0,0,1,0,86
161,Treatment,18,35,0,5,8,18,42,30,6,0.333333333333333,0.745454545454546,0.545454545454545,29.05,1,0,0,0,68,1,0,0,0,0,0,0,0,0,2,0,0,0,0,0,0,1,1,1,0,0,0,0,1,0,1,18,0,0,0,0,1,0,0,0,18,0,0,0,0,0,0,5,36,36,0,8,0,0,8,0,10
162,Treatment,11,25,2,0,6,4,56,27,3,0.272727272727273,0.647727272727273,0.337662337662338,17.91,1,1,0,0,48,1,0,0,0,0,0,0,0,0,2,0,0,0,0,0,0,0,1,1,0,0,0,0,0,0,1,13,0,2,6,0,0,0,0,0,19,0,0,0,0,0,2,0,25,25,0,1,0,0,1,0,22
163,Treatment,11,12,0,1,6,10,50,24,6,0.545454545454545,0.791666666666667,0.407407407407407,27.78,1,1,0,0,35,1,0,0,0,0,0,0,0,0,2,0,0,0,0,0,0,0,1,1,0,0,0,0,1,0,0,12,0,0,0,0,0,0,0,0,12,0,0,0,0,0,0,1,7,12,0,3,0,0,3,0,2
164,Treatment,34,103,1,0,13,15,45,24,0,0,0.915254237288136,0.737704918032787,76.79,1,0,0,0,128,1,1,0,0,1,1,0,0,0,2,0,0,0,0,0,0,0,2,2,0,0,0,0,1,0,2,34,34,0,90,10,3,0,0,0,34,0,0,0,0,0,1,0,279,103,0,5,0,0,5,0,156
165,Treatment,19,11,0,0,3,1,59,24,0,0,0.961038961038961,0.4,11.25,1,1,1,0.0526315789473684,18,0,0,0,0,0,0,0,0,0,0,0,0,0,0,0,0,0,1,1,0,0,0,0,0,0,1,0,0,0,0,0,0,0,0,0,0,0,0,0,0,0,0,0,19,11,0,0,0,0,0,0,17
166,Treatment,33,44,0,0,7,4,56,27,2,0.0606060606060606,0.865079365079365,0.705882352941177,48.82,1,0,0,0,71,1,0,0,0,0,1,0,0,0,2,0,0,0,0,0,0,0,2,1,0,0,0,0,0,0,0,33,0,0,0,0,3,0,0,0,33,0,0,0,0,0,0,0,101,44,0,1,0,0,1,0,0
167,Treatment,28,6,3,0,7,11,49,27,0,0,1,1,74.74,1,1,4,0.142857142857143,29,1,0,0,0,0,0,0,0,0,2,0,0,0,0,0,1,0,1,1,0,0,0,0,0,0,1,29,0,3,6,0,0,0,1,0,34,0,0,0,0,0,3,0,34,6,0,2,0,0,2,0,39
168,Treatment,0,0,0,0,3,23,37,30,0,0,0,0,0,0,1,0,0,10,0,0,0,0,0,0,0,0,0,0,0,0,0,0,0,0,0,0,0,0,1,0,0,2,0,0,0,0,0,0,0,0,0,0,0,0,0,0,0,0,0,0,0,0,0,0,16,0,0,16,0,0
169,Treatment,1,13,0,0,2,10,50,27,0,0,0.5,0.142857142857143,0.69,1,1,2,2,11,0,0,0,0,0,0,0,0,0,0,0,0,0,0,0,0,0,1,1,0,0,0,0,0,0,0,1,0,0,0,0,0,0,0,0,0,0,0,0,0,0,0,0,13,13,0,0,0,0,0,0,0
170,Treatment,2,18,0,2,2,15,45,0,2,1,0.9,0.545454545454545,0,1,1,0,0,28,0,0,0,0,0,0,0,0,0,0,0,0,0,0,0,0,0,1,1,0,0,0,0,0,0,0,2,0,0,0,0,0,0,0,0,2,0,0,0,0,0,0,2,17,18,0,2,0,0,2,0,0
171,Treatment,21,22,0,0,7,11,24,24,6,0.285714285714286,0.958333333333333,0.785714285714286,49.32,1,0,0,0,42,1,0,0,0,0,1,0,0,0,2,0,0,0,0,0,0,0,1,1,0,0,0,0,0,0,1,26,0,0,0,0,3,0,0,0,35,0,0,0,0,0,0,0,74,22,0,0,0,0,0,0,61
172,Treatment,54,147,4,18,20,13,47,24,4,0.0740740740740741,0.977777777777778,0.727272727272727,60.24,1,1,0,0,116,1,1,1,1,1,1,0,0,0,2,0,0,0,0,0,1,2,3,2,0,1,0,0,2,0,1,56,24,33,115,31,9,0,4,0,56,0,0,0,0,0,4,18,1800,147,0,21,0,0,21,0,51
173,Treatment,19,2,0,0,3,17,43,27,0,0,0.978723404255319,0.896551724137931,57.5,1,0,0,0,8,0,0,0,0,0,0,0,0,0,2,0,0,0,0,0,0,0,1,0,0,0,0,0,0,0,0,8,0,0,0,0,0,0,0,0,12,0,0,0,0,0,0,0,8,2,0,0,0,0,0,0,0
174,Treatment,5,32,0,1,4,20,40,24,0,0,0.964285714285714,0.545454545454545,36.67,1,0,0,0,47,0,0,0,0,0,0,0,0,0,1,0,0,0,0,0,0,0,1,1,0,0,0,0,0,0,1,7,0,0,0,0,1,0,0,0,8,0,0,0,0,0,0,1,25,32,0,1,0,0,1,0,26
